{"stats":{"minecraft:custom":{"minecraft:time_since_rest":15247,"minecraft:play_time":15247,"minecraft:sprint_one_cm":1218,"minecraft:damage_taken":10,"minecraft:walk_one_cm":11285,"minecraft:mob_kills":2,"minecraft:drop":3,"minecraft:jump":37,"minecraft:damage_dealt":425,"minecraft:leave_game":2,"minecraft:time_since_death":15247,"minecraft:total_world_time":15247,"minecraft:fall_one_cm":811,"minecraft:interact_with_crafting_table":3,"minecraft:fly_one_cm":4395},"minecraft:dropped":{"minecraft:wooden_pickaxe":2,"minecraft:wooden_axe":1},"minecraft:used":{"creeperoverhaul:ocean_creeper_spawn_egg":1,"minecraft:wooden_axe":7,"betternether:spawn_egg_jungle_skeleton":2,"create:flywheel":1,"minecraft:crafting_table":1,"minecraft:wooden_pickaxe":20,"betterend:terminite_sword":3,"betternether:spawn_egg_skull":1,"betternether:flaming_ruby_sword":2},"minecraft:killed":{"betternether:jungle_skeleton":2},"minecraft:crafted":{"minecraft:acacia_planks":32,"minecraft:crafting_table":1,"minecraft:stick":4,"minecraft:wooden_pickaxe":1,"minecraft:wooden_axe":1},"minecraft:mined":{"minecraft:acacia_log":8,"minecraft:stone":20,"minecraft:crafting_table":1},"minecraft:picked_up":{"minecraft:wooden_axe":1,"minecraft:arrow":1,"minecraft:crafting_table":1,"minecraft:bone":1,"minecraft:wooden_pickaxe":2,"minecraft:acacia_log":8,"minecraft:acacia_sapling":2,"minecraft:cobblestone":20}},"DataVersion":3465}