{"stats":{"minecraft:custom":{"minecraft:jump":3,"minecraft:time_since_rest":3247,"minecraft:sprint_one_cm":479,"minecraft:leave_game":2,"minecraft:play_time":3247,"minecraft:damage_taken":10,"minecraft:time_since_death":3247,"minecraft:walk_one_cm":2685,"minecraft:total_world_time":3247,"minecraft:interact_with_crafting_table":2,"minecraft:fall_one_cm":544,"minecraft:fly_one_cm":772},"minecraft:used":{"minecraft:crafting_table":1},"minecraft:crafted":{"minecraft:crafting_table":1,"minecraft:stick":4,"minecraft:wooden_axe":1,"minecraft:acacia_planks":12},"minecraft:mined":{"minecraft:acacia_log":3},"minecraft:picked_up":{"minecraft:acacia_log":3}},"DataVersion":3465}