{"stats":{"minecraft:picked_up":{"minecraft:wooden_axe":1,"vs_clockwork:wanderwand":2,"minecraft:crafting_table":1,"betterend:music_disc_strange_and_alien":2,"friendsandfoes:totem_of_illusion":1,"minecraft:wooden_pickaxe":2,"minecraft:acacia_log":8,"betterend:music_disc_eo_dracona":1,"minecraft:bamboo_button":4,"minecraft:arrow":3,"minecraft:bone":1,"minecraft:lever":2,"ad_astra:launch_pad":1,"friendsandfoes:wildfire_crown_fragment":11,"minecraft:acacia_sapling":2,"minecraft:cobblestone":20},"minecraft:crafted":{"minecraft:crafting_table":1,"minecraft:stick":4,"minecraft:wooden_pickaxe":1,"minecraft:wooden_axe":1,"minecraft:acacia_planks":32},"minecraft:mined":{"minecraft:crafting_table":1,"minecraft:acacia_log":8,"minecraft:stone":20},"minecraft:custom":{"minecraft:time_since_rest":69308,"minecraft:sprint_one_cm":11430,"minecraft:damage_taken":260,"minecraft:walk_one_cm":86576,"minecraft:mob_kills":7,"minecraft:drop":3,"minecraft:damage_dealt":4385,"minecraft:play_record":3,"minecraft:interact_with_crafting_table":4,"minecraft:fly_one_cm":28721,"minecraft:crouch_one_cm":458,"minecraft:play_time":92916,"minecraft:deaths":1,"minecraft:sneak_time":538,"minecraft:jump":1006,"minecraft:leave_game":8,"minecraft:walk_on_water_one_cm":143,"minecraft:time_since_death":69201,"minecraft:total_world_time":92916,"minecraft:fall_one_cm":4335},"minecraft:dropped":{"minecraft:wooden_axe":1,"minecraft:wooden_pickaxe":2},"minecraft:killed":{"endermanoverhaul:scarab":1,"friendsandfoes:wildfire":3,"betternether:jungle_skeleton":2,"minecraft:illusioner":1},"minecraft:used":{"minecraft:lever":6,"minecraft:wooden_axe":7,"minecraft:netherite_sword":68,"betterend:music_disc_strange_and_alien":2,"endermanoverhaul:scarab_spawn_egg":1,"friendsandfoes:wildfire_spawn_egg":3,"minecraft:oak_stairs":11,"minecraft:wooden_pickaxe":20,"betterend:terminite_sword":3,"betternether:spawn_egg_skull":1,"ad_astra:launch_pad":2,"betternether:nether_ruby_sword":1,"vs_clockwork:wanderwand":18,"creeperoverhaul:ocean_creeper_spawn_egg":1,"betternether:spawn_egg_jungle_skeleton":2,"ad_astra:cryo_fuel_bucket":4,"create:flywheel":1,"minecraft:oak_slab":7,"vs_clockwork:command_seat":7,"minecraft:crafting_table":2,"illagerinvasion:illusioner_spawn_egg":1,"minecraft:stripped_oak_wood":24,"minecraft:bucket":1,"ad_astra:tier_1_rocket":1,"betternether:flaming_ruby_sword":2,"minecraft:bamboo_button":4,"betterend:music_disc_eo_dracona":1,"minecraft:jukebox":1,"vs_clockwork:physics_infuser":3}},"DataVersion":3465}