{"stats":{"minecraft:killed":{"illagerinvasion:necromancer":1,"promenade:duck":1,"creeperoverhaul:dripstone_creeper":2,"endermanoverhaul:scarab":1,"minecraft:skeleton":1,"friendsandfoes:wildfire":4,"betternether:jungle_skeleton":2,"ribbits:ribbit":1,"creeperoverhaul:jungle_creeper":1,"creeperoverhaul:cave_creeper":1,"minecraft:illusioner":1,"illagerinvasion:surrendered":1},"minecraft:picked_up":{"minecraft:wooden_axe":1,"minecraft:crafting_table":1,"vs_clockwork:wanderwand":3,"minecraft:feather":1,"betterend:music_disc_strange_and_alien":2,"friendsandfoes:totem_of_illusion":1,"minecraft:wooden_pickaxe":2,"minecraft:gunpowder":2,"minecraft:bone":1,"minecraft:wheat_seeds":1,"ad_astra:launch_pad":1,"minecraft:raw_gold":1,"friendsandfoes:wildfire_crown_fragment":14,"minecraft:acacia_sapling":2,"promenade:duck":1,"minecraft:acacia_log":8,"betterend:music_disc_eo_dracona":1,"minecraft:pointed_dripstone":2,"minecraft:bamboo_button":4,"minecraft:arrow":3,"minecraft:lever":2,"minecraft:cobblestone":20},"minecraft:mined":{"minecraft:crafting_table":1,"minecraft:acacia_log":8,"minecraft:stone":20},"minecraft:crafted":{"minecraft:crafting_table":1,"minecraft:wooden_pickaxe":1,"minecraft:stick":4,"minecraft:wooden_axe":1,"minecraft:acacia_planks":32},"minecraft:killed_by":{"friendsandfoes:wildfire":1},"minecraft:dropped":{"minecraft:wheat_seeds":1,"promenade:duck":1,"minecraft:wooden_axe":1,"minecraft:wooden_pickaxe":2},"minecraft:custom":{"minecraft:mob_kills":17,"minecraft:play_record":3,"minecraft:interact_with_crafting_table":4,"minecraft:leave_game":20,"minecraft:time_since_death":23535,"minecraft:time_since_rest":23618,"minecraft:sprint_one_cm":16694,"minecraft:damage_taken":725,"minecraft:walk_one_cm":125315,"minecraft:drop":5,"minecraft:damage_dealt":7131,"minecraft:fly_one_cm":39321,"minecraft:crouch_one_cm":584,"minecraft:play_time":146108,"minecraft:deaths":3,"minecraft:sneak_time":629,"minecraft:jump":1157,"minecraft:walk_on_water_one_cm":143,"minecraft:total_world_time":146108,"minecraft:fall_one_cm":4335},"minecraft:used":{"creeperoverhaul:jungle_creeper_spawn_egg":1,"create:handheld_worldshaper":4,"travelersbackpack:nether":1,"minecraft:netherite_sword":68,"creeperoverhaul:dripstone_creeper_spawn_egg":2,"creeperoverhaul:cave_creeper_spawn_egg":1,"bosses_of_mass_destruction:crystal_fruit":1,"ribbits:ribbit_sorcerer_spawn_egg":1,"minecraft:wooden_pickaxe":20,"travelersbackpack:iron_golem":1,"betterend:terminite_sword":3,"bosses_of_mass_destruction:earthdive_spear":1,"creeperoverhaul:ocean_creeper_spawn_egg":1,"betternether:spawn_egg_jungle_skeleton":2,"illagerinvasion:surrendered_spawn_egg":1,"create:flywheel":1,"vs_clockwork:command_seat":7,"minecraft:oak_slab":7,"minecraft:crafting_table":2,"illagerinvasion:illusioner_spawn_egg":1,"ad_astra:tier_1_rocket":1,"illagerinvasion:necromancer_spawn_egg":1,"betternether:flaming_ruby_sword":2,"betterend:music_disc_eo_dracona":1,"minecraft:bamboo_button":4,"vs_clockwork:physics_infuser":3,"minecraft:wooden_axe":7,"minecraft:lever":6,"endermanoverhaul:scarab_spawn_egg":1,"friendsandfoes:totem_of_illusion":1,"betterend:music_disc_strange_and_alien":2,"friendsandfoes:wildfire_spawn_egg":5,"minecraft:oak_stairs":11,"betterend:end_mycelium":2,"betternether:spawn_egg_skull":1,"ad_astra:launch_pad":2,"betternether:nether_ruby_sword":61,"vs_clockwork:wanderwand":18,"ad_astra:cryo_fuel_bucket":4,"minecraft:stripped_oak_wood":24,"bosses_of_mass_destruction:charged_ender_pearl":1,"minecraft:bucket":1,"minecraft:jukebox":1}},"DataVersion":3465}