{"stats":{"minecraft:custom":{"minecraft:time_since_rest":3639,"minecraft:sprint_one_cm":3243,"minecraft:damage_taken":260,"minecraft:walk_one_cm":17539,"minecraft:mob_kills":4,"minecraft:drop":3,"minecraft:damage_dealt":785,"minecraft:play_record":1,"minecraft:interact_with_crafting_table":3,"minecraft:fly_one_cm":6855,"minecraft:crouch_one_cm":119,"minecraft:play_time":27247,"minecraft:deaths":1,"minecraft:sneak_time":243,"minecraft:jump":82,"minecraft:leave_game":2,"minecraft:time_since_death":3532,"minecraft:total_world_time":27247,"minecraft:fall_one_cm":4335},"minecraft:dropped":{"minecraft:wooden_axe":1,"minecraft:wooden_pickaxe":2},"minecraft:used":{"minecraft:wooden_axe":7,"minecraft:netherite_sword":3,"endermanoverhaul:scarab_spawn_egg":1,"minecraft:wooden_pickaxe":20,"betterend:terminite_sword":3,"betternether:spawn_egg_skull":1,"betternether:nether_ruby_sword":1,"creeperoverhaul:ocean_creeper_spawn_egg":1,"betternether:spawn_egg_jungle_skeleton":2,"create:flywheel":1,"minecraft:crafting_table":1,"illagerinvasion:illusioner_spawn_egg":1,"betternether:flaming_ruby_sword":2,"betterend:music_disc_eo_dracona":1,"minecraft:jukebox":1},"minecraft:killed":{"endermanoverhaul:scarab":1,"betternether:jungle_skeleton":2,"minecraft:illusioner":1},"minecraft:mined":{"minecraft:crafting_table":1,"minecraft:acacia_log":8,"minecraft:stone":20},"minecraft:crafted":{"minecraft:crafting_table":1,"minecraft:stick":4,"minecraft:wooden_pickaxe":1,"minecraft:wooden_axe":1,"minecraft:acacia_planks":32},"minecraft:picked_up":{"minecraft:wooden_axe":1,"minecraft:crafting_table":1,"friendsandfoes:totem_of_illusion":1,"minecraft:acacia_log":8,"minecraft:wooden_pickaxe":2,"minecraft:bone":1,"minecraft:arrow":3,"minecraft:acacia_sapling":2,"minecraft:cobblestone":20}},"DataVersion":3465}