{"stats":{"minecraft:killed":{"endermanoverhaul:scarab":1,"minecraft:skeleton":1,"friendsandfoes:wildfire":3,"betternether:jungle_skeleton":2,"minecraft:illusioner":1},"minecraft:picked_up":{"minecraft:wooden_axe":1,"minecraft:crafting_table":1,"vs_clockwork:wanderwand":3,"betterend:music_disc_strange_and_alien":2,"minecraft:wooden_pickaxe":2,"minecraft:acacia_log":8,"friendsandfoes:totem_of_illusion":1,"betterend:music_disc_eo_dracona":1,"minecraft:bamboo_button":4,"minecraft:arrow":3,"minecraft:bone":1,"ad_astra:launch_pad":1,"minecraft:lever":2,"friendsandfoes:wildfire_crown_fragment":11,"minecraft:acacia_sapling":2,"minecraft:cobblestone":20},"minecraft:mined":{"minecraft:crafting_table":1,"minecraft:acacia_log":8,"minecraft:stone":20},"minecraft:crafted":{"minecraft:crafting_table":1,"minecraft:stick":4,"minecraft:wooden_pickaxe":1,"minecraft:wooden_axe":1,"minecraft:acacia_planks":32},"minecraft:killed_by":{"friendsandfoes:wildfire":1},"minecraft:dropped":{"minecraft:wooden_axe":1,"minecraft:wooden_pickaxe":2},"minecraft:used":{"minecraft:netherite_sword":68,"minecraft:wooden_axe":7,"minecraft:lever":6,"friendsandfoes:totem_of_illusion":1,"betterend:music_disc_strange_and_alien":2,"endermanoverhaul:scarab_spawn_egg":1,"friendsandfoes:wildfire_spawn_egg":5,"minecraft:oak_stairs":11,"travelersbackpack:iron_golem":1,"minecraft:wooden_pickaxe":20,"betterend:terminite_sword":3,"betternether:spawn_egg_skull":1,"ad_astra:launch_pad":2,"betternether:nether_ruby_sword":23,"creeperoverhaul:ocean_creeper_spawn_egg":1,"vs_clockwork:wanderwand":18,"betternether:spawn_egg_jungle_skeleton":2,"ad_astra:cryo_fuel_bucket":4,"vs_clockwork:command_seat":7,"create:flywheel":1,"minecraft:oak_slab":7,"minecraft:crafting_table":2,"illagerinvasion:illusioner_spawn_egg":1,"minecraft:stripped_oak_wood":24,"minecraft:bucket":1,"ad_astra:tier_1_rocket":1,"betternether:flaming_ruby_sword":2,"betterend:music_disc_eo_dracona":1,"minecraft:bamboo_button":4,"minecraft:jukebox":1,"vs_clockwork:physics_infuser":3},"minecraft:custom":{"minecraft:time_since_rest":3736,"minecraft:sprint_one_cm":13801,"minecraft:damage_taken":725,"minecraft:walk_one_cm":98532,"minecraft:mob_kills":8,"minecraft:drop":3,"minecraft:damage_dealt":4586,"minecraft:play_record":3,"minecraft:interact_with_crafting_table":4,"minecraft:fly_one_cm":33440,"minecraft:crouch_one_cm":458,"minecraft:play_time":126226,"minecraft:deaths":3,"minecraft:sneak_time":538,"minecraft:jump":1065,"minecraft:leave_game":18,"minecraft:walk_on_water_one_cm":143,"minecraft:time_since_death":3653,"minecraft:total_world_time":126226,"minecraft:fall_one_cm":4335}},"DataVersion":3465}