{"stats":{"minecraft:crafted":{"minecraft:crafting_table":1,"minecraft:spruce_planks":16,"minecraft:stick":4,"minecraft:wooden_pickaxe":1},"minecraft:used":{"minecraft:dirt":1,"minecraft:cobblestone":6,"minecraft:crafting_table":1,"minecraft:grass_block":1,"minecraft:wooden_pickaxe":3},"minecraft:mined":{"minecraft:grass_block":1,"minecraft:dirt":5,"minecraft:spruce_log":4,"minecraft:stone":3,"minecraft:fern":1},"minecraft:custom":{"minecraft:time_since_rest":30614,"minecraft:crouch_one_cm":57,"minecraft:play_time":32245,"minecraft:sprint_one_cm":2521,"minecraft:damage_taken":415,"minecraft:deaths":1,"minecraft:walk_one_cm":23668,"minecraft:sneak_time":115,"minecraft:mob_kills":1,"minecraft:jump":48,"minecraft:damage_dealt":30,"minecraft:leave_game":6,"minecraft:time_since_death":30520,"minecraft:total_world_time":32245,"minecraft:interact_with_crafting_table":1,"minecraft:fall_one_cm":685,"minecraft:fly_one_cm":2845},"minecraft:picked_up":{"minecraft:bone":2,"minecraft:spruce_planks":12,"minecraft:spruce_log":4,"minecraft:dirt":5,"minecraft:cobblestone":3},"minecraft:killed_by":{"minecraft:skeleton":1}},"DataVersion":3465}