{"stats":{"minecraft:mined":{"minecraft:grass_block":1,"minecraft:dirt":5,"minecraft:spruce_log":4,"minecraft:stone":3,"minecraft:fern":1},"minecraft:killed_by":{"minecraft:skeleton":1},"minecraft:used":{"minecraft:dirt":1,"minecraft:cobblestone":6,"minecraft:crafting_table":1,"minecraft:grass_block":1,"betterend:terminite_sword":3,"minecraft:wooden_pickaxe":3},"minecraft:picked_up":{"minecraft:bone":2,"minecraft:rotten_flesh":1,"minecraft:spruce_planks":12,"minecraft:spruce_log":4,"minecraft:dirt":5,"minecraft:cobblestone":3},"minecraft:custom":{"minecraft:time_since_rest":41960,"minecraft:crouch_one_cm":57,"minecraft:play_time":43591,"minecraft:sprint_one_cm":2521,"minecraft:damage_taken":415,"minecraft:walk_one_cm":25690,"minecraft:deaths":1,"minecraft:sneak_time":115,"minecraft:mob_kills":2,"minecraft:jump":48,"minecraft:damage_dealt":230,"minecraft:leave_game":8,"minecraft:time_since_death":41866,"minecraft:total_world_time":43591,"minecraft:interact_with_crafting_table":1,"minecraft:fall_one_cm":685,"minecraft:fly_one_cm":2845},"minecraft:crafted":{"minecraft:crafting_table":1,"minecraft:spruce_planks":16,"minecraft:stick":4,"minecraft:wooden_pickaxe":1},"minecraft:killed":{"minecraft:zombie_villager":1}},"DataVersion":3465}