{"stats":{"minecraft:crafted":{"minecraft:crafting_table":1,"minecraft:spruce_planks":16,"minecraft:stick":4},"minecraft:mined":{"minecraft:spruce_log":4,"minecraft:fern":1},"minecraft:custom":{"minecraft:jump":31,"minecraft:time_since_rest":7964,"minecraft:sprint_one_cm":2521,"minecraft:damage_dealt":30,"minecraft:walk_one_cm":15808,"minecraft:damage_taken":415,"minecraft:leave_game":5,"minecraft:time_since_death":7870,"minecraft:play_time":9595,"minecraft:deaths":1,"minecraft:total_world_time":9595,"minecraft:mob_kills":1,"minecraft:fall_one_cm":685,"minecraft:fly_one_cm":2845},"minecraft:picked_up":{"minecraft:bone":2,"minecraft:spruce_log":4,"minecraft:spruce_planks":12},"minecraft:killed_by":{"minecraft:skeleton":1}},"DataVersion":3465}